,,revenue_at_k,revenue_at_k,revenue_hist_at_k,revenue_hist_at_k,injected_recall_rev,injected_recall_rev,false_green_rev,false_green_rev,precision_at_k,precision_at_k,weeks_to_5_scheme_catches,weeks_to_5_scheme_catches,weeks_to_50pct_weekly_scheme_capture,weeks_to_50pct_weekly_scheme_capture,brier,brier
,,mean,std,mean,std,mean,std,mean,std,mean,std,mean,std,mean,std,mean,std
scenario,policy,,,,,,,,,,,,,,,,
front,cycle_A1,0.3829,0.1024,0.1365,0.0114,0.6336,0.2167,0.5196,0.1024,0.4375,0.0669,2.7,4.8086,9.1,6.2263,0.0938,0.0079
front,cycle_A2,0.4019,0.1294,0.1276,0.0215,0.6812,0.2817,0.502,0.1238,0.4158,0.0644,2.0,2.4495,7.7,7.8606,0.0766,0.0042
front,cycle_A3,0.3999,0.1169,0.1277,0.0172,0.677,0.2527,0.5011,0.1178,0.4179,0.0612,0.6,0.6992,5.4444,2.6034,0.0761,0.0042
front,mirsad,0.3597,0.1271,0.1403,0.0179,0.5831,0.2721,0.5497,0.1295,0.4106,0.0797,1.8,3.9665,11.0,7.5425,0.0996,0.0108
front,random,0.0538,0.0083,0.0505,0.0028,0.057,0.0157,0.9,0.0115,0.0964,0.0034,0.9,0.5676,18.0,,,
front,rules,0.3897,0.0062,0.1064,0.0015,0.6779,0.0127,0.5388,0.0057,0.4266,0.0041,0.0,0.0,2.0,0.0,,
network,cycle_A1,0.33,0.209,0.1489,0.0234,0.5073,0.4363,0.5811,0.2153,0.3953,0.1238,1.7,2.1628,5.0,1.7889,0.1032,0.0212
network,cycle_A2,0.4056,0.1689,0.1372,0.025,0.6685,0.3581,0.4991,0.1699,0.4115,0.08,2.2,4.5412,4.75,2.3146,0.0772,0.0063
network,cycle_A3,0.4876,0.1392,0.1243,0.0227,0.8432,0.2955,0.4231,0.1393,0.4481,0.0641,0.0,0.0,2.3333,1.3229,0.0744,0.003
network,mirsad,0.3597,0.1918,0.1491,0.026,0.5659,0.4041,0.5553,0.195,0.4098,0.1035,1.9,3.1429,5.8571,3.3381,0.1029,0.0206
network,random,0.0482,0.0073,0.0505,0.0028,0.0458,0.0144,0.901,0.0119,0.0962,0.0026,1.2,0.6325,4.0,,,
network,rules,0.476,0.006,0.1013,0.0008,0.8429,0.0123,0.4584,0.0063,0.4625,0.0039,0.0,0.0,2.4,0.5164,,
turncoat,cycle_A1,0.2191,0.0666,0.1635,0.0092,0.3019,0.1749,0.6728,0.0691,0.2903,0.0278,5.7,5.2715,14.1111,7.4068,0.1018,0.0111
turncoat,cycle_A2,0.1797,0.0702,0.1654,0.0166,0.2011,0.1977,0.7059,0.0746,0.2718,0.018,8.4,7.2755,16.0,6.0332,0.0799,0.0022
turncoat,cycle_A3,0.1797,0.0702,0.1654,0.0166,0.2011,0.1977,0.7059,0.0746,0.2718,0.018,8.4,7.2755,16.0,6.0332,0.0799,0.0022
turncoat,mirsad,0.2473,0.0586,0.1578,0.0093,0.3808,0.1584,0.645,0.0596,0.3013,0.0206,4.5,3.9791,10.2222,3.8333,0.0987,0.008
turncoat,random,0.0492,0.0073,0.0505,0.0028,0.0472,0.0159,0.9025,0.0087,0.0896,0.0033,1.5,0.7071,0.0,,,
turncoat,rules,0.1007,0.0013,0.1376,0.0011,0.0457,0.0034,0.823,0.0015,0.2109,0.0014,4.1,1.4491,,,,
