scenario,policy,seed,precision_at_k,recall,revenue_at_k,revenue_hist_at_k,tnd_per_inspection,injected_recall_rev,injected_recall_n,false_green_fraud,false_green_rev,share_vert,weeks_to_5_scheme_catches,weeks_to_50pct_weekly_scheme_capture,brier,fraud_rate_Confiance,volume_share_Confiance,fraud_rate_Standard,volume_share_Standard,fraud_rate_Surveillé,volume_share_Surveillé,fraud_rate_Critique,volume_share_Critique,false_green_Confiance
front,cycle_A3b,0,0.4265676567656766,0.22320561252023746,0.40733988070504845,0.12156336492284162,1334.7918729372936,0.6981916947588983,0.6392075078206465,0.6347544522396115,0.49550140181671215,0.8999576966332711,1,6.0,0.0756108318645401,0.019706498951781972,0.0246081779630413,0.023014440433212997,0.02286445382226395,0.08593724203968874,0.9374529246071461,0.9301848049281314,0.015074443607548572,0.018448637316561847
front,cycle_A3b,1,0.4546204620462046,0.23788451160280627,0.4609489599476173,0.11847163820582508,1510.4608085808582,0.809508567892513,0.7205422314911366,0.6084187803561791,0.42569232069829793,0.8999576966332711,0,4.0,0.07908010450579182,0.02389843166542196,0.01381566050000516,0.020636586218957677,0.029498859872677183,0.0838534183018723,0.9406927434249218,0.9864516129032258,0.015992736202395816,0.018670649738610903
front,cycle_A3b,2,0.4451320132013201,0.23291958985429034,0.4395217702239262,0.12694661848162198,1440.247112211221,0.7576481553244162,0.6684045881126173,0.6182406907717215,0.454562713696082,0.8999576966332711,1,7.0,0.07600783316171127,0.026813880126182965,0.006541545001496095,0.0281076801266825,0.026063001062743115,0.083261905020235,0.9509693661717517,0.9440954773869347,0.016426087764009122,0.017350157728706624
front,cycle_A3b,3,0.44224422442244227,0.23140852671343767,0.448786746661609,0.119213932163717,1470.6070544554455,0.7842126674975896,0.6866527632950991,0.6196438208310847,0.44432513032876203,0.8999576966332711,1,4.0,0.07617825921533893,0.023227383863080684,0.00844003755713534,0.022058823529411766,0.029467906189704806,0.0835977105478332,0.9464088568804878,0.9967105263157895,0.015683199372672024,0.014669926650366748
front,cycle_A3b,4,0.45317656765676567,0.23712898003237992,0.4502574597742905,0.11901974766498132,1475.4263613861385,0.7873778462635077,0.7184567257559958,0.6119805720453318,0.4520906264952077,0.8999576966332711,1,6.0,0.07495433907423543,0.017062314540059347,0.013908521548922297,0.02228105007721156,0.046771014971264666,0.08522982314390878,0.9194481990115457,0.8026998961578401,0.019872264468267314,0.01112759643916914
front,cycle_A3b,5,0.4451320132013201,0.23291958985429034,0.4601529216826383,0.1144962222628784,1507.852310231023,0.8119483720223092,0.7022940563086548,0.6264436049649218,0.43805319733748305,0.8999576966332711,0,4.0,0.07488415181690358,0.022622345337026777,0.022348559106057635,0.022367194780987885,0.03321330182936266,0.08420619565459114,0.9279295081459775,0.981875,0.01650863091860213,0.020313942751615882
front,cycle_A3b,6,0.4313118811881188,0.22568807339449543,0.40888858617976603,0.12563138041467126,1339.8667491749175,0.6971763480873594,0.6371220020855057,0.6278467350242849,0.49431105834124534,0.8999576966332711,0,8.0,0.07387755163424177,0.019469525959367944,0.036566617484703724,0.02578397212543554,0.029612356710242572,0.0870233633323608,0.9194688348001939,0.98274622573688,0.014352191004859727,0.018623024830699775
front,cycle_A3b,7,0.4137788778877888,0.21651376146788992,0.3843442198878509,0.12312882144735342,1259.4385313531352,0.6501987191187085,0.6006256517205423,0.6336751214247167,0.5127524436190445,0.8999576966332711,1,6.0,0.07537807000275289,0.01964735516372796,0.02048102023339077,0.02245749117741418,0.032160876608301775,0.08724965736769973,0.933521806869654,0.9410887397464579,0.013836296288653412,0.017632241813602016
front,cycle_A3b,8,0.45874587458745875,0.2400431732325958,0.49310585917777167,0.10887697713140575,1615.8341584158416,0.8841585216024086,0.762252346193952,0.6166216945493794,0.41251916525385507,0.8999576966332711,0,1.0,0.07514954426451904,0.017110266159695818,0.032563274486942705,0.02581261950286807,0.021585034926072288,0.08413322668088699,0.9287343039032594,0.9547920433996383,0.017117386683725585,0.016159695817490494
front,cycle_A3b,9,0.4659653465346535,0.24382083108472746,0.4504476251703447,0.12062963200539922,1476.049504950495,0.7861230789670187,0.7398331595411888,0.6171613599568267,0.4465481329641989,0.8999576966332711,0,6.0,0.08214072617897955,0.039603960396039604,0.0020842146534735193,0.02567801500288517,0.035761821727421865,0.08344688504932686,0.9465120358237291,0.9980211081794196,0.01564192779537552,0.01485148514851485
turncoat,cycle_A3b,0,0.26031353135313534,0.14676125130829165,0.19293883807125026,0.15677652733720887,532.8001237623762,0.24685184888874667,0.16613418530351437,0.7170601232701477,0.6892611448982428,0.8999576966332711,5,17.0,0.08019302345239283,0.02013677811550152,0.027156697861100507,0.0215393452039058,0.03592690803660789,0.09167442066551465,0.9314582280048288,0.3686200378071834,0.00545816609746283,0.01937689969604863
turncoat,cycle_A3b,1,0.29372937293729373,0.1656006512385161,0.24748979290007125,0.1443042916022193,683.4424504950495,0.4013251240710717,0.33466453674121405,0.6876380974531923,0.6249860693440417,0.8999576966332711,5,16.0,0.08408987432459959,0.023581429624170966,0.014001382597839432,0.027637587118481133,0.04293275828268967,0.08828340886481707,0.9334598995037093,0.49946294307196565,0.009605959615761616,0.01989683124539425
turncoat,cycle_A3b,2,0.2860973597359736,0.16129782532852657,0.1773530857336638,0.18475194927042288,489.76010726072604,0.166322402079951,0.11501597444089456,0.6879869752296779,0.6982965758223568,0.8999576966332711,13,22.0,0.07767329383054401,0.026113671274961597,0.006716949205006243,0.02707275803722504,0.02439150218223465,0.08963720055963176,0.9660953992509209,0.4612546125461255,0.002796149361838236,0.018433179723502304
turncoat,cycle_A3b,3,0.28444719471947194,0.16036748459123154,0.24680558481117798,0.1472783345259789,681.5530115511551,0.3951869689745108,0.28434504792332266,0.6976392603791138,0.6431151187579084,0.8999576966332711,5,14.0,0.08174416670230075,0.02433862433862434,0.009750410136299384,0.023196533265358144,0.0404770994335476,0.08824529647304043,0.9405276571157358,0.4921875,0.009244833314417195,0.016931216931216932
turncoat,cycle_A3b,4,0.279496699669967,0.15757646237934644,0.14982917206339533,0.17855539212664223,413.7528877887789,0.1070023454149055,0.09185303514376997,0.697522967786952,0.7319322753504326,0.8999576966332711,15,25.0,0.08372551397209436,0.015822784810126583,0.016302273032119605,0.020823244552058112,0.04261290355864175,0.09245033112582782,0.9348012257658457,0.1839080459770115,0.006283597643392936,0.013291139240506329
turncoat,cycle_A3b,5,0.2609323432343234,0.1471101290847773,0.11219526223246044,0.1820127747442343,309.8269389438944,0.00810699378686456,0.006389776357827476,0.7089196418188162,0.7685129080785853,0.8999576966332711,15,,0.08164153310951898,0.023267326732673267,0.020842146534735193,0.016611295681063124,0.02484548953249621,0.09207238585598546,0.9538790123711552,0.0,0.00043335156161330594,0.020792079207920793
turncoat,cycle_A3b,6,0.29063531353135313,0.1638562623560879,0.2603344552553306,0.14604096993409957,718.9129537953795,0.43073025644765833,0.3146964856230032,0.6910105826258868,0.600319247311346,0.8999576966332711,3,12.0,0.07661240678010767,0.019513755598208574,0.032253737657218916,0.023385689354275742,0.05912153447724389,0.09079837773871482,0.8980592040776318,0.4892578125,0.010565523787905364,0.01695457453614843
turncoat,cycle_A3b,7,0.25866336633663367,0.14583091057099662,0.19684233485263383,0.14513207166655975,543.5796204620463,0.27393519540100714,0.2012779552715655,0.716711245493662,0.6961130108591891,0.8999576966332711,2,18.0,0.07753913516896445,0.018300653594771243,0.02367956747386993,0.02453748782862707,0.05298238735438872,0.0921523343748585,0.9114002414387272,0.2515125324114088,0.011937803733014167,0.01699346405228758
turncoat,cycle_A3b,8,0.2662953795379538,0.15013373648098616,0.19192253509554263,0.15325337657640747,529.9936056105611,0.2495729097322253,0.19249201277955272,0.7028724270263984,0.6885091135621099,0.8999576966332711,7,20.0,0.08096076296623718,0.017388904223019596,0.0373817311363097,0.02858481724461106,0.022018386487685594,0.09065924969371875,0.9348321794488181,0.4669051878354204,0.00576770292718662,0.016284846812034227
turncoat,cycle_A3b,9,0.26588283828382836,0.1499011512966624,0.1557440613576302,0.16678626401753752,430.0868399339934,0.1392816622639747,0.09824281150159744,0.7169438306779858,0.7428453943682802,0.8999576966332711,7,24.0,0.09034628431239476,0.020437956204379562,0.007067757612026538,0.029559118236472944,0.06178355121286848,0.09207135557826454,0.9288993902124455,0.5458715596330275,0.0022493009626595403,0.008759124087591242
network,cycle_A3b,0,0.47421617161716173,0.24862117443495188,0.536279489123747,0.11470226249900474,1791.7555693069307,0.9490185451087068,0.7936842105263158,0.5991132259111063,0.3747950774381016,0.8999576966332711,0,2.0,0.07153396608385681,0.02004008016032064,0.0257431463386952,0.02127659574468085,0.019397641329357503,0.0824125027514858,0.9374838782901186,0.9910926365795725,0.017375334041828745,0.019238476953907815
network,cycle_A3b,1,0.4628712871287129,0.24267329944846977,0.5380483951246551,0.12175105996532135,1797.6656353135313,0.9456182501150944,0.741578947368421,0.5995457986373959,0.37408929308090555,0.8999576966332711,0,3.0,0.08184376026549803,0.024521072796934867,0.013464852092984864,0.019935920256318976,0.028982965156470867,0.08255410685280302,0.9401252592370949,0.9692125518058022,0.017426923513449374,0.019157088122605363
network,cycle_A3b,2,0.4837046204620462,0.25359576078728235,0.544107015479224,0.11814803897367752,1817.90800330033,0.9611359599950345,0.8036842105263158,0.5875419054828593,0.3616620060944899,0.8999576966332711,0,1.0,0.07075963225901154,0.02627511591962906,0.006675677627709737,0.02717391304347826,0.022781910667670942,0.08130134095262834,0.9533424818663008,0.9946010797840432,0.017199929838318594,0.017001545595054096
network,cycle_A3b,3,0.4628712871287129,0.24267329944846977,0.5221452806968349,0.11898754997817296,1744.5319719471947,0.9168509969474319,0.7389473684210527,0.60603438953174,0.3852387350161277,0.8999576966332711,0,3.0,0.07678399913330916,0.02459893048128342,0.00964723119305812,0.021197471178876905,0.027744817837575708,0.08239156994502138,0.9458620084813091,0.9944547134935305,0.01674594248805704,0.01818181818181818
network,cycle_A3b,4,0.4661716171617162,0.24440359035362821,0.5279499125239804,0.12814317437743028,1763.9257425742574,0.9193748882044586,0.7221052631578947,0.5947874986482102,0.3794420056030585,0.8999576966332711,0,3.0,0.07478442439359166,0.01607717041800643,0.016044325674016445,0.02080106218189865,0.046626564450726896,0.08433110688097678,0.9160329759902599,0.7950581395348837,0.02129613388499675,0.012218649517684888
network,cycle_A3b,5,0.4639026402640264,0.24321401535633178,0.5375454805538259,0.11975555216661729,1795.9853547854786,0.9465766372487594,0.7463157894736843,0.5996539418189684,0.3745638700887577,0.8999576966332711,0,3.0,0.07401977474131839,0.023544520547945206,0.024102601141159113,0.015040650406504066,0.025382020037350777,0.08289553724492617,0.9328924153158823,0.9718969555035128,0.017622963505607776,0.020976027397260275
network,cycle_A3b,6,0.47854785478547857,0.2508921812479723,0.5418090181608588,0.1269521095599924,1810.230198019802,0.9479686444662306,0.7573684210526316,0.5900291986590246,0.36831392488088655,0.8999576966332711,0,3.0,0.07517817714965255,0.019268914706715785,0.03641184906984183,0.024314214463840397,0.03309980499179727,0.08399439510023278,0.9130717403192357,0.9881516587677726,0.01741660561912525,0.0167186171720034
network,cycle_A3b,7,0.4507013201320132,0.23629285173569806,0.5021756333754014,0.11759219208590842,1677.8116749174917,0.8786964615428224,0.7268421052631578,0.6114415486103602,0.39083870666621723,0.8999576966332711,0,4.0,0.0715478987621544,0.01766109785202864,0.021615988609044665,0.023465703971119134,0.0457289076445279,0.08468769019227734,0.915465491802433,0.9555822328931572,0.01718961194399447,0.015751789976133652
network,cycle_A3b,8,0.4597772277227723,0.24105115172488376,0.5290608808154205,0.11477851361001214,1767.6375825082507,0.9346580107186877,0.7563157894736842,0.6064669622580297,0.38243689706278383,0.8999576966332711,0,0.0,0.07439644999270871,0.01725760903671164,0.03288312921099062,0.024777933613838243,0.022069975959306223,0.0833546635209277,0.9271350302830198,0.9498847926267281,0.017911864546683313,0.016002510197678066
network,cycle_A3b,9,0.48824257425742573,0.2559749107818752,0.5432483070621281,0.12382331806397556,1815.038985148515,0.9538802460821466,0.7873684210526316,0.5935979236509138,0.36951867260187354,0.8999576966332711,0,2.0,0.08114786695098541,0.039603960396039604,0.0020842146534735193,0.026933917945505793,0.03294503657693538,0.08138623347777801,0.9476573220937071,1.0,0.017313426675883984,0.01485148514851485
