eps,week,mean,std
0.0,26,15847.8,14127.659000855181
0.0,27,25752.3,17066.713594011002
0.0,28,93974.6,145456.10011363108
0.0,29,148786.1,201436.74221532233
0.0,30,248431.7,308058.10956522473
0.0,31,306160.9,358038.22053035686
0.0,32,446686.6,466219.616652019
0.0,33,558829.8,525395.4416988746
0.0,34,907561.6,661102.9143104893
0.0,35,1095625.2,742576.3277888678
0.0,36,1336153.1,803374.0932862058
0.0,37,1465132.4,832661.302524115
0.0,38,1724141.3,888672.3675607401
0.0,39,1931914.2,939592.5526366085
0.0,40,2156343.3,999497.0633872763
0.0,41,2420365.3,1072154.3678556792
0.0,42,2673202.8,1143727.5037321122
0.0,43,2867552.5,1199594.1765811422
0.0,44,3243641.2,1311728.4528817353
0.0,45,3489960.5,1387394.5122437438
0.0,46,3630707.6,1430695.5442207665
0.0,47,4036128.8,1558546.001635841
0.0,48,4346549.4,1658279.4972592797
0.0,49,4736272.8,1784809.7402588448
0.0,50,4868203.5,1827943.7458629268
0.0,51,5071155.9,1894699.1064406477
0.0,52,5197677.6,1935358.3330103213
0.1,26,18589.0,19417.32027512207
0.1,27,48228.0,49181.34690216517
0.1,28,149594.7,203197.00289459105
0.1,29,219268.4,241047.8594904616
0.1,30,330341.0,352150.4111108711
0.1,31,380605.3,414499.5528377296
0.1,32,472718.7,525596.6089872536
0.1,33,543666.6,602133.8878915367
0.1,34,755243.1,785123.9910106839
0.1,35,880158.3,887756.5062349335
0.1,36,1028533.8,995479.8258870833
0.1,37,1104493.9,1054908.8213319092
0.1,38,1270099.1,1167418.2376308893
0.1,39,1419494.2,1249525.8946578987
0.1,40,1586758.8,1345099.694834451
0.1,41,1791283.2,1449607.3735688876
0.1,42,1991419.7,1551138.654957351
0.1,43,2142142.7,1629185.3683186474
0.1,44,2445276.2,1785653.472767808
0.1,45,2655385.5,1874267.2333176117
0.1,46,2777829.9,1920686.3592071254
0.1,47,3141698.2,2053641.137122485
0.1,48,3425282.7,2152018.0291377697
0.1,49,3784449.4,2276657.0844793078
0.1,50,3908910.3,2312526.55512931
0.1,51,4106247.7,2364660.3381107426
0.1,52,4233540.2,2394662.252335844
0.2,26,9708.8,13316.489467323338
0.2,27,34532.6,56298.078307838856
0.2,28,57985.7,114891.40918087248
0.2,29,88506.8,145751.96004384375
0.2,30,184101.1,266534.35305309773
0.2,31,224129.3,324253.2852433761
0.2,32,335358.7,426473.43139235134
0.2,33,437920.5,484870.62704218103
0.2,34,754987.8,628542.3210566563
0.2,35,917462.0,717759.1627030771
0.2,36,1129826.6,795972.0620763297
0.2,37,1237146.2,844895.3194753117
0.2,38,1457688.6,924858.4117586383
0.2,39,1648344.0,984494.6005323408
0.2,40,1853531.6,1050210.835424879
0.2,41,2113549.3,1109629.0153388153
0.2,42,2365154.3,1167920.8566220049
0.2,43,2555659.1,1214545.2720233703
0.2,44,2929805.7,1313237.9647671585
0.2,45,3175655.1,1378074.3427558981
0.2,46,3316791.1,1407404.5595138317
0.2,47,3754857.7,1435789.9834893874
0.2,48,4085876.9,1464733.7072049384
0.2,49,4513896.6,1468858.1972509727
0.2,50,4658184.0,1470719.964385093
0.2,51,4883323.4,1472409.480682689
0.2,52,5026083.5,1471686.8797250052
