policy,r,eps,revenue_at_k
mirsad,0.02,0.0,0.24101779465926687
mirsad,0.02,0.2,0.27825385991375773
mirsad,0.05,0.0,0.359734431915658
mirsad,0.05,0.2,0.4487341096857135
mirsad,0.1,0.0,0.5091532440384785
mirsad,0.1,0.2,0.5347011120552587
mirsad,0.2,0.0,0.7559505308107284
mirsad,0.2,0.2,0.736580765749028
model_p,0.02,0.0,0.14114520736305808
model_p,0.05,0.0,0.293986115345227
model_p,0.1,0.0,0.4312442752882365
model_p,0.2,0.0,0.7232939579965494
random,0.02,0.0,0.020840786618751616
random,0.05,0.0,0.05375395367455128
random,0.1,0.0,0.09995650934388153
random,0.2,0.0,0.20227770430017405
rules,0.02,0.0,0.1642868504940555
rules,0.05,0.0,0.3896676738529379
rules,0.1,0.0,0.5911448580025986
rules,0.2,0.0,0.7484885942622674
