policy,r,eps,seed,precision_at_k,recall,revenue_at_k,revenue_hist_at_k,tnd_per_inspection,injected_recall_rev,injected_recall_n,false_green_fraud,false_green_rev,share_vert,weeks_to_5_scheme_catches,weeks_to_50pct_weekly_scheme_capture,brier
mirsad,0.02,0.0,0,0.2657378740970072,0.05558553696708041,0.03866897819493445,0.07621666697033994,316.97729618163055,0.0004544546398256459,0.0020855057351407717,0.8935779816513761,0.926462959513655,0.9600078415996863,,,0.12576298923982862
mirsad,0.02,0.0,1,0.5263157894736842,0.11009174311926606,0.3187995395492092,0.03755797767577129,2613.2631578947367,0.605035860383101,0.39520333680917624,0.813815434430653,0.629651663701719,0.9600078415996863,2.0,8.0,0.10479094561276135
mirsad,0.02,0.0,2,0.5479876160990712,0.11462493254182407,0.35385109476663695,0.03604680794878521,2900.5877192982457,0.6772994826863324,0.42127215849843586,0.8069077172153265,0.5900501133973693,0.9600078415996863,3.0,6.0,0.11104753274005257
mirsad,0.02,0.0,3,0.26212590299277605,0.05483000539665407,0.0381476442624217,0.0737428113672311,312.703818369453,0.001920318529771923,0.0026068821689259644,0.8951969778737183,0.9289516649417912,0.9600078415996863,21.0,,0.15816769491069643
mirsad,0.02,0.0,4,0.5036119711042312,0.10534268753372909,0.35540156278060964,0.030692756943156606,2913.297213622291,0.6858770917392517,0.40145985401459855,0.8174851592012952,0.585271869476918,0.9600078415996863,1.0,6.0,0.09967533420862314
mirsad,0.02,0.0,5,0.5175438596491229,0.10825688073394496,0.3162829482321448,0.04149383289500384,2592.6341589267286,0.595952229171136,0.3795620437956204,0.8189962223421479,0.6390691627327945,0.9600078415996863,3.0,8.0,0.12263248192818196
mirsad,0.02,0.0,6,0.49587203302373584,0.10372369131138694,0.29876821796769026,0.03900150730101268,2449.062435500516,0.5631483011995291,0.36339937434827946,0.8223421478683216,0.6449391738260907,0.9600078415996863,1.0,8.0,0.15903998981559678
mirsad,0.02,0.0,7,0.5319917440660474,0.1112790070156503,0.3828559443304494,0.029618127946618732,3138.346233230134,0.7423671498136775,0.4311783107403545,0.8011872638963843,0.5561211697897498,0.9600078415996863,2.0,6.0,0.0844641845788456
mirsad,0.02,0.0,8,0.24097007223942207,0.050404749055585535,0.03281936219873247,0.06453290017044806,269.02683178534573,0.000542602074157395,0.0015641293013555788,0.9042633567188343,0.9363599321699357,0.9600078415996863,,,0.14387902718306111
mirsad,0.02,0.0,9,0.4840041279669763,0.10124123043712897,0.2745826543098397,0.042317494650566494,2250.808565531476,0.5109727679043761,0.33889468196037537,0.824932541824069,0.6723442042767889,0.9600078415996863,0.0,11.0,0.12270479943259874
mirsad,0.02,0.1,0,0.2647058823529412,0.055369670804101455,0.03731610342101945,0.07311907478324592,305.8875128998968,0.000877282894710938,0.0046923879040667365,0.8945493793847814,0.9297083608126842,0.9600078415996863,16.0,,0.11087975583218888
mirsad,0.02,0.1,1,0.5350877192982456,0.11192660550458716,0.37060768136009614,0.04146176000543118,3037.9447884416923,0.7055991275690245,0.38790406673618355,0.8014031300593631,0.5644145464630842,0.9600078415996863,1.0,4.0,0.08891134281326533
mirsad,0.02,0.1,2,0.32610939112487103,0.06821370750134917,0.1554187601279125,0.049712729243162175,1273.998452012384,0.2630020958513169,0.15067778936392076,0.8728548300053967,0.7941958449270123,0.9600078415996863,10.0,18.0,0.10432919651004305
mirsad,0.02,0.1,3,0.25748194014447884,0.053858607663248785,0.05088702620662965,0.06248597591063919,417.1310629514964,0.039082082916252446,0.03336809176225235,0.8945493793847814,0.9096414737069115,0.9600078415996863,1.0,,0.11968095124209181
mirsad,0.02,0.1,4,0.49587203302373584,0.10372369131138694,0.32100957493155524,0.042264206230926304,2631.3792569659445,0.604705371011154,0.34358706986444215,0.8192120885051268,0.6156500518595702,0.9600078415996863,1.0,7.0,0.09709234005194857
mirsad,0.02,0.1,5,0.5,0.10458715596330276,0.3241156097337741,0.04852054125060308,2656.8400412796695,0.6046051572853791,0.32794577685088633,0.8189962223421479,0.6139522859221395,0.9600078415996863,3.0,8.0,0.09792272762939928
mirsad,0.02,0.1,6,0.5128998968008256,0.10728548300053967,0.35652436323390957,0.03377275272001815,2922.501031991744,0.6850079377145657,0.39363920750782067,0.8033459255261738,0.5811728955957984,0.9600078415996863,1.0,6.0,0.09659861897259713
mirsad,0.02,0.1,7,0.4473684210526316,0.09357798165137615,0.27828499391074163,0.04094647221926175,2281.15737874097,0.5198385708023944,0.30656934306569344,0.841662169454938,0.6693056495489064,0.9600078415996863,3.0,10.0,0.10018096507362653
mirsad,0.02,0.1,8,0.3802889576883385,0.07954668105774419,0.1984862179816647,0.04844316696447447,1627.030959752322,0.3511939849410142,0.20855057351407716,0.8551538046411225,0.7493025852485158,0.9600078415996863,5.0,15.0,0.09827709696246494
mirsad,0.02,0.1,9,0.37925696594427244,0.07933081489476525,0.18312675848698845,0.050453026445283024,1501.126418988648,0.31815673299697594,0.20437956204379562,0.8508364813815434,0.766222143775237,0.9600078415996863,8.0,18.0,0.10334536987419933
mirsad,0.02,0.2,0,0.4411764705882353,0.09228278467350243,0.33098938693282354,0.03733484021835523,2713.185758513932,0.629859143194237,0.31178310740354537,0.8248246087425796,0.582130583889598,0.9600078415996863,0.0,6.0,0.08492281322024747
mirsad,0.02,0.2,1,0.37100103199174406,0.07760388559093362,0.19069371719591838,0.052653451304992216,1563.154282765738,0.3311855334564603,0.1897810218978102,0.8522396114409067,0.750941620860055,0.9600078415996863,10.0,15.0,0.09071138636607579
mirsad,0.02,0.2,2,0.4824561403508772,0.10091743119266056,0.3214729339121428,0.047162747326281625,2635.1775025799793,0.6006547804805,0.3237747653806048,0.8098219104155424,0.6020327365228537,0.9600078415996863,1.0,6.0,0.08418205409172927
mirsad,0.02,0.2,3,0.4215686274509804,0.08818132757690232,0.2673853252618268,0.04102347211368329,2191.8106295149637,0.49776729153544574,0.27580813347236705,0.8302212628170534,0.6608723398482869,0.9600078415996863,4.0,8.0,0.0889097613290081
mirsad,0.02,0.2,4,0.46852425180598556,0.09800323799244469,0.3320158772054008,0.04913167331378343,2721.6001031991746,0.619924012847171,0.2930135557872784,0.8198596869940636,0.5974604579039215,0.9600078415996863,1.0,6.0,0.1069293636471828
mirsad,0.02,0.2,5,0.47471620227038186,0.0992984349703184,0.346797412667911,0.03719319535584559,2842.767285861713,0.661900100505857,0.3409801876955162,0.822881813275769,0.5816543206037502,0.9600078415996863,1.0,6.0,0.09269132579507439
mirsad,0.02,0.2,6,0.4086687306501548,0.08548300053966541,0.21203888589641898,0.050378772090046695,1738.124871001032,0.37657003091383867,0.22992700729927007,0.8392876416621694,0.7161390243124035,0.9600078415996863,3.0,15.0,0.09010907269576691
mirsad,0.02,0.2,7,0.44272445820433437,0.09260658391797086,0.3133390670413909,0.040792347633182985,2568.5025799793602,0.5907261278267352,0.3013555787278415,0.8224500809498111,0.6008452886475917,0.9600078415996863,1.0,6.0,0.07987771831021616
mirsad,0.02,0.2,8,0.3302373581011352,0.06907717215326498,0.15833614028201007,0.05302185274475296,1297.9127966976264,0.26552077542307273,0.14754953076120958,0.8661629789530491,0.776616278397104,0.9600078415996863,11.0,18.0,0.0916674616766096
mirsad,0.02,0.2,9,0.45562435500515996,0.09530491095520777,0.30946985274173366,0.03809597855883653,2536.7858617131064,0.5856632389508016,0.31960375391032325,0.8247166756610901,0.6221300274307762,0.9600078415996863,0.0,7.0,0.09865144258545837
mirsad,0.05,0.0,0,0.4665841584158416,0.2441446303291959,0.433280492826119,0.13351332422646306,1419.7953795379537,0.7383714291556911,0.6986444212721585,0.6230976794387479,0.4735619426481057,0.8999576966332711,1.0,7.0,0.09417635580773757
mirsad,0.05,0.0,1,0.3888201320132013,0.20345385860766324,0.307780521813595,0.1540950091339097,1008.5507425742575,0.46419543937368074,0.4264859228362878,0.6600107933081489,0.5997092062020483,0.8999576966332711,1.0,14.0,0.1062666964368288
mirsad,0.05,0.0,2,0.35457920792079206,0.18553696708041015,0.24703492112731254,0.16775830968633712,809.4964933993399,0.3277194594860293,0.2909280500521376,0.6861305990286023,0.6642930508553635,0.8999576966332711,1.0,18.0,0.10354655943655051
mirsad,0.05,0.0,3,0.45565181518151815,0.23842417701025365,0.44488083377674836,0.12167206331512874,1457.8079620462047,0.7738296872175933,0.7106360792492179,0.6461953588774959,0.47749599321321673,0.8999576966332711,1.0,6.0,0.09777719926481668
mirsad,0.05,0.0,4,0.23927392739273928,0.12520237452779276,0.10513263391159519,0.1529743299574017,344.5039191419142,0.05644128485427667,0.05265901981230448,0.770318402590394,0.8127549426479168,0.8999576966332711,0.0,26.0,0.1216992493523022
mirsad,0.05,0.0,5,0.48576732673267325,0.2541824069077172,0.45642345156677466,0.12919945818032152,1495.631394389439,0.7894588369898642,0.764859228362878,0.6177010253642742,0.45786703416449437,0.8999576966332711,1.0,6.0,0.08800359997144716
mirsad,0.05,0.0,6,0.45957095709570955,0.2404749055585537,0.4428816736267034,0.12647051702745962,1451.2570132013202,0.7649121897867607,0.7059436913451512,0.629681597409606,0.467938561154856,0.8999576966332711,0.0,6.0,0.09073437604916298
mirsad,0.05,0.0,7,0.46410891089108913,0.24284943335132217,0.4723003422284703,0.11962713581109093,1547.657590759076,0.8312369104552891,0.7387904066736184,0.6263356718834323,0.41982784901408904,0.8999576966332711,0.0,3.0,0.08815964234678728
mirsad,0.05,0.0,8,0.33374587458745875,0.17463572584997303,0.23623817218132676,0.16452943080729585,774.1171617161716,0.30922043755421097,0.2591240875912409,0.6992984349703184,0.6689628356637984,0.8999576966332711,13.0,18.0,0.10998074436951312
mirsad,0.05,0.0,9,0.4577145214521452,0.2395035078251484,0.4513912760979345,0.13283704800625185,1479.141707920792,0.7756029240053534,0.6882168925964547,0.6273070696168376,0.4550241842417534,0.8999576966332711,0.0,6.0,0.09517947067139809
mirsad,0.05,0.1,0,0.45957095709570955,0.2404749055585537,0.4544092468852312,0.13027496075750924,1489.0311468646864,0.7843000528503565,0.6981230448383733,0.6130599028602267,0.4496831867162956,0.8999576966332711,0.0,5.0,0.07767701478014626
mirsad,0.05,0.1,1,0.4313118811881188,0.22568807339449543,0.40546126565048307,0.14074619761542434,1328.6359323432343,0.6748775874733097,0.5896767466110532,0.6263356718834323,0.5023413130829323,0.8999576966332711,1.0,7.0,0.08057404024265125
mirsad,0.05,0.1,2,0.39933993399339934,0.20895844576362654,0.3451574957867443,0.1391958415564312,1131.02949669967,0.5547769622234898,0.5052137643378519,0.6563410685375067,0.5578567044255032,0.8999576966332711,1.0,10.0,0.07913900758296571
mirsad,0.05,0.1,3,0.44471947194719474,0.2327037236913114,0.42449259799608097,0.13321992592535278,1390.9987623762377,0.7209381782922845,0.6428571428571429,0.6223421478683216,0.48004028157571765,0.8999576966332711,0.0,7.0,0.07984595518814969
mirsad,0.05,0.1,4,0.3510726072607261,0.18370210469508905,0.27053032477114847,0.1494198550904418,886.4874174917492,0.3937916771294115,0.35610010427528677,0.6865623313545601,0.6339322420739396,0.8999576966332711,1.0,16.0,0.08832072159541125
mirsad,0.05,0.1,5,0.4507013201320132,0.2358337830545062,0.48780766617707944,0.1190086407110048,1598.4727722772277,0.8631564427709133,0.7085505735140771,0.6266594711279007,0.4278886964014173,0.8999576966332711,1.0,2.0,0.08750274321916175
mirsad,0.05,0.1,6,0.39335808580858084,0.20582838640043175,0.36481383714175053,0.11607353452478086,1195.440387788779,0.6179716868916764,0.5615224191866528,0.6720992984349703,0.5449663106358354,0.8999576966332711,1.0,9.0,0.08493469701574381
mirsad,0.05,0.1,7,0.4207920792079208,0.22018348623853212,0.3765127543950018,0.1335471442773354,1233.77599009901,0.62379335497899,0.5802919708029197,0.6452239611440906,0.5211543423522257,0.8999576966332711,0.0,9.0,0.08474030477876626
mirsad,0.05,0.1,8,0.2893976897689769,0.15143011332973558,0.14932729856678492,0.16691443077859247,489.32322607260727,0.1314278245886379,0.12982273201251304,0.7201295196977874,0.7494603325118432,0.8999576966332711,17.0,23.0,0.0939591105497183
mirsad,0.05,0.1,9,0.4566831683168317,0.23896384241770102,0.4360030494447026,0.13672335872291494,1428.716790429043,0.7405978504473355,0.6694473409801877,0.6076632487857528,0.4680249885261842,0.8999576966332711,1.0,7.0,0.07841152112264442
mirsad,0.05,0.2,0,0.430486798679868,0.2252563410685375,0.47604045052769484,0.12240824220847178,1559.9133663366338,0.835953052219226,0.6475495307612096,0.6302212628170534,0.4294644694432661,0.8999576966332711,2.0,3.0,0.07453152087026603
mirsad,0.05,0.2,1,0.42182343234323433,0.2207231516459795,0.4456209114203794,0.12902099813328294,1460.2330858085809,0.7678435365258708,0.6011470281543274,0.638963842417701,0.4535186609787846,0.8999576966332711,1.0,3.0,0.07656591732346013
mirsad,0.05,0.2,2,0.4313118811881188,0.22568807339449543,0.4437434923745942,0.12040362421156227,1454.0810643564357,0.7728257717695267,0.6522419186652764,0.6264436049649218,0.4646071101714819,0.8999576966332711,0.0,6.0,0.07508669001767622
mirsad,0.05,0.2,3,0.44554455445544555,0.2331354560172693,0.4441568078299044,0.13780622433700845,1455.4354372937294,0.7559480783668795,0.6313868613138686,0.6198596869940637,0.4630288821642421,0.8999576966332711,1.0,6.0,0.07285552568489943
mirsad,0.05,0.2,4,0.4377062706270627,0.2290339989206692,0.4766452532835005,0.12377651910059131,1561.895214521452,0.8357808217855749,0.6637122002085506,0.6184565569347005,0.40515810889861376,0.8999576966332711,0.0,4.0,0.07828342478290001
mirsad,0.05,0.2,5,0.4329620462046205,0.22655153804641123,0.4491766455239592,0.12349073343085822,1471.884694719472,0.780646633828572,0.6605839416058394,0.6243928764166217,0.4472605765102239,0.8999576966332711,0.0,6.0,0.07701902805424271
mirsad,0.05,0.2,6,0.41707920792079206,0.21824069077172153,0.44315083855008236,0.11790668111985052,1452.1390264026402,0.7741712267722302,0.6277372262773723,0.6386400431732326,0.4575809362747008,0.8999576966332711,0.0,6.0,0.07980778345995367
mirsad,0.05,0.2,7,0.40985973597359737,0.21446303291958985,0.39540660867870553,0.11795747359477689,1295.6883250825083,0.6777831504528098,0.5990615224191866,0.6458715596330276,0.5075717112701356,0.8999576966332711,3.0,7.0,0.07984807329087054
mirsad,0.05,0.2,8,0.4298679867986799,0.22493254182406908,0.4334846326405526,0.12031639094381404,1420.4643151815183,0.7522146407807881,0.6454640250260688,0.6226659471127901,0.4667080569635062,0.8999576966332711,1.0,7.0,0.07515455233726218
mirsad,0.05,0.2,9,0.4350247524752475,0.22763086886130598,0.4799154560277615,0.11931514272186265,1572.6111798679867,0.8469199139914746,0.664754953076121,0.6289260658391798,0.4353976172105915,0.8999576966332711,1.0,3.0,0.07830864669367055
mirsad,0.1,0.0,0,0.3752192303724337,0.39255261737722613,0.5413001660374926,0.3109749933795066,887.1543381821933,0.775715839090542,0.7700729927007299,0.40572045331894224,0.3219488195110074,0.799977300632487,0.0,6.0,0.08291812581531545
mirsad,0.1,0.0,1,0.36046631589807077,0.377118186724231,0.5155949158548022,0.3068233637397638,845.0251728051171,0.7280741830517379,0.7309697601668405,0.41586616297895307,0.3442082425022367,0.799977300632487,0.0,8.0,0.08057997550451841
mirsad,0.1,0.0,2,0.3815124316517074,0.3991365353480842,0.5505733886409758,0.3113918161467156,902.3525224388734,0.7940027483201499,0.8123044838373306,0.397733405288721,0.29712313936441953,0.799977300632487,1.0,6.0,0.08157313173740162
mirsad,0.1,0.0,3,0.3629423295161457,0.3797085806799784,0.48654449206168054,0.3129880975884432,797.4134942742185,0.6631831918338388,0.7033368091762252,0.42741500269832705,0.3671576366639891,0.799977300632487,0.0,8.0,0.0805734680757847
mirsad,0.1,0.0,4,0.36748168781594964,0.3844576362655154,0.5490458336373188,0.29592532033578445,899.8489631692975,0.8066616851935046,0.7820646506777894,0.41079330814894766,0.3088519568371762,0.799977300632487,0.0,4.0,0.0780912768282475
mirsad,0.1,0.0,5,0.392551325698958,0.41068537506745817,0.6002152438117404,0.31482573688399773,983.7121634168988,0.890673175859339,0.8581856100104275,0.36945493793847817,0.24303049488766046,0.799977300632487,0.0,2.0,0.0783249969759442
mirsad,0.1,0.0,6,0.38192510058805323,0.3995682676740421,0.5740939714170268,0.32022845881154594,940.9011657897452,0.8324680532232684,0.7846715328467153,0.3862924986508365,0.28082286159452774,0.799977300632487,1.0,3.0,0.07805898404522774
mirsad,0.1,0.0,7,0.27019498607242337,0.28267674042093904,0.2777134905572904,0.3194520952083103,455.15361601155473,0.2352336218193097,0.21584984358706985,0.5236913113869401,0.5763386910539992,0.799977300632487,9.0,18.0,0.10357772443827253
mirsad,0.1,0.0,8,0.3716083771794078,0.38877495952509444,0.5197296441036673,0.3231324904860827,851.8017125760858,0.71981829943277,0.7226277372262774,0.402482460874258,0.3095804520799883,0.799977300632487,1.0,8.0,0.08510379930889186
mirsad,0.1,0.0,9,0.34953058908490664,0.3656772800863465,0.4767212942627899,0.30420736408520255,781.313937893325,0.652299015911374,0.6793534932221064,0.4284943335132218,0.37492722443941967,0.799977300632487,1.0,10.0,0.08241499974410095
mirsad,0.1,0.1,0,0.37490972867017436,0.3922288181327577,0.5434867848268786,0.30840242316296596,890.7380583926545,0.7827461685396726,0.7935349322210636,0.3984889368591473,0.2958602799881734,0.799977300632487,1.0,6.0,0.07272128347351718
mirsad,0.1,0.1,1,0.3763540699473847,0.39373988127361037,0.6095011818769922,0.29946057642844787,998.9311874548644,0.9250480079632443,0.8190823774765381,0.3801403130059363,0.2402466900299638,0.799977300632487,0.0,1.0,0.07162818818969395
mirsad,0.1,0.1,2,0.36345816568657796,0.3802482460874258,0.5115471185599098,0.3132737584609406,838.3911069844218,0.7133417492540809,0.7127215849843587,0.3935240151106314,0.29608204519515746,0.799977300632487,1.0,7.0,0.0732903242124653
mirsad,0.1,0.1,3,0.3629423295161457,0.3797085806799784,0.517478251996658,0.29799907600126696,848.1118332817497,0.7408553070026532,0.7497393117831074,0.4008634646519158,0.2940882356107082,0.799977300632487,0.0,7.0,0.07267651609952
mirsad,0.1,0.1,4,0.3493242546167337,0.3654614139233675,0.5122709556632621,0.30459960179698037,839.5774270091819,0.723630485447227,0.6616266944734098,0.4041014570966001,0.3232986727890566,0.799977300632487,0.0,7.0,0.07592513064924569
mirsad,0.1,0.1,5,0.3662436810069122,0.38316243928764165,0.4969106778467889,0.321599356445615,814.4029712163417,0.675335471480177,0.6960375391032325,0.3881273610361576,0.3165363761978893,0.799977300632487,0.0,8.0,0.07500215532768995
mirsad,0.1,0.1,6,0.37552873207469306,0.39287641662169454,0.5580004143226206,0.2977382497786721,914.5249148870319,0.8228847505319646,0.8175182481751825,0.381651376146789,0.27421868995367105,0.799977300632487,0.0,4.0,0.07125850164944356
mirsad,0.1,0.1,7,0.367791189518209,0.3847814355099838,0.59027615905683,0.2853091938872317,967.4226761580522,0.9006592386576543,0.8279457768508863,0.4049649217485159,0.27203773646903334,0.799977300632487,0.0,2.0,0.07296570450877159
mirsad,0.1,0.1,8,0.3786237490972867,0.39611440906637885,0.5518670295063549,0.3139098499712592,904.4727122665842,0.7940502514043576,0.7851929092805006,0.3801403130059363,0.27971535746404846,0.799977300632487,1.0,3.0,0.0733318988025964
mirsad,0.1,0.1,9,0.36882286185907354,0.3858607663248786,0.523511109127555,0.3110647225919687,857.9992778293614,0.7397304746129674,0.7466110531803962,0.40010793308148945,0.3107978631225863,0.799977300632487,0.0,7.0,0.07220971744257261
mirsad,0.1,0.2,0,0.3701640359021975,0.38726389638424175,0.5424562029453164,0.3020999131660834,889.049004436191,0.7870811425076014,0.7851929092805006,0.3844576362655154,0.29959428234783575,0.799977300632487,0.0,6.0,0.06944406806214246
mirsad,0.1,0.2,1,0.3694418652635923,0.38650836481381545,0.5379540482096031,0.2971608129691284,881.6702775198597,0.7830236932428641,0.7924921793534933,0.38370210469508903,0.29337018970776535,0.799977300632487,0.0,6.0,0.07059437917383846
mirsad,0.1,0.2,2,0.3565459610027855,0.3730167296276309,0.5341049142678874,0.2956270549424822,875.3618074899412,0.7768180630604713,0.7335766423357665,0.3974096060442526,0.29389788137116235,0.799977300632487,0.0,6.0,0.07120482881785954
mirsad,0.1,0.2,3,0.3401423707830393,0.3558553696708041,0.4509365409701306,0.2982313236568885,739.0544722995976,0.6063537534358765,0.6392075078206465,0.4142471667566109,0.3760967321829785,0.799977300632487,0.0,10.0,0.07171229370939632
mirsad,0.1,0.2,4,0.35984731249355206,0.3764705882352941,0.5393963718507122,0.29248116622517567,884.0341483544826,0.7906967114783329,0.7695516162669447,0.4021586616297895,0.2890306921661614,0.799977300632487,0.0,3.0,0.06991316338546802
mirsad,0.1,0.2,5,0.3541731146187971,0.3705342687533729,0.5054630848427856,0.30542738186132085,828.4197874754977,0.7090513570576945,0.6871741397288843,0.39460334592552615,0.311397630051949,0.799977300632487,0.0,7.0,0.07199726626624985
mirsad,0.1,0.2,6,0.3649025069637883,0.38175930922827844,0.5847269301079536,0.2865386962532625,958.3278654699268,0.8882108903233804,0.8107403545359749,0.38737182946573123,0.2530612316838337,0.799977300632487,0.0,2.0,0.06999475115703957
mirsad,0.1,0.2,7,0.35468895078922935,0.3710739341608203,0.5763680876908602,0.27029558724462427,944.6282884555865,0.8878763365164211,0.8196037539103233,0.4049649217485159,0.2617896408140136,0.799977300632487,0.0,1.0,0.07104747872816354
mirsad,0.1,0.2,8,0.3599504797276385,0.3765785213167836,0.5507619803412667,0.2894688105500588,902.6616114721965,0.8166956321168098,0.7674661105318039,0.393200215866163,0.2822287384417554,0.799977300632487,0.0,3.0,0.07175991953645286
mirsad,0.1,0.2,9,0.3601568141958114,0.37679438747976257,0.5248429593260705,0.29026913522254716,860.1820901681626,0.7635827384969186,0.7700729927007299,0.3984889368591473,0.2915657271975733,0.799977300632487,0.0,6.0,0.07034413064821637
mirsad,0.2,0.0,0,0.3153631861328931,0.65979492714517,0.7797717901941255,0.6314918586027352,639.0625257944697,0.9306851252982755,0.8983315954118873,0.1475445223961144,0.08393828821306279,0.5999958728422703,0.0,1.0,0.06814131347817563
mirsad,0.2,0.0,1,0.31221626083367726,0.653211009174312,0.7518384386017247,0.6312418897396455,616.1697276104003,0.8745767430742345,0.867570385818561,0.1567188343227199,0.09680558014892324,0.5999958728422703,0.0,0.0,0.06869227220714108
mirsad,0.2,0.0,2,0.3138671068922823,0.6566648677819752,0.7885382827617806,0.6225606196332508,646.2471110193975,0.9574636553775714,0.913451511991658,0.1434430652995143,0.08331497879507907,0.5999958728422703,0.0,0.0,0.06829391148417058
mirsad,0.2,0.0,3,0.3084502682624845,0.6453318942255801,0.7169979474600897,0.6311068591306275,587.6161782913744,0.8044144336724215,0.8388946819603754,0.15261737722611982,0.11731845263405512,0.5999958728422703,0.0,0.0,0.06951022910054017
mirsad,0.2,0.0,4,0.3100495253817582,0.6486778197517539,0.7267790961081811,0.6171741213463425,595.632325629385,0.8383306196878946,0.883733055265902,0.15628710199676202,0.11229225720911602,0.5999958728422703,0.0,0.0,0.06971162257557684
mirsad,0.2,0.0,5,0.30875980189847296,0.645979492714517,0.7521397069186779,0.6190506973794327,616.4166322740405,0.8875923341199285,0.8790406673618353,0.1549919050188883,0.09513519651777637,0.5999958728422703,0.0,3.0,0.06784176466454464
mirsad,0.2,0.0,6,0.31139083780437476,0.6514840798704803,0.7560241545933253,0.6245047109708501,619.6001341312423,0.8898793408959768,0.8795620437956204,0.14927145169994605,0.09922768677235062,0.5999958728422703,0.0,2.0,0.06840236109097197
mirsad,0.2,0.0,7,0.3103590590177466,0.6493254182406908,0.7506525014743956,0.6143080280314559,615.1977919933967,0.88941840856285,0.897288842544317,0.15337290879654614,0.09825514279054405,0.5999958728422703,0.0,0.0,0.0683151944213506
mirsad,0.2,0.0,8,0.3097915806851011,0.6481381543443065,0.7679037321202196,0.6184458051780369,629.3360503508048,0.9200159833906864,0.8889468196037539,0.15056664867781974,0.08753997423293505,0.5999958728422703,0.0,0.0,0.06822362197933865
mirsad,0.2,0.0,9,0.31025588113908376,0.6491095520777118,0.7688596578747642,0.6164163525312248,630.1194799834915,0.9240103068991371,0.8993743482794577,0.14624932541824068,0.08923717363989095,0.5999958728422703,0.0,0.0,0.06771357093311972
mirsad,0.2,0.1,0,0.30875980189847296,0.645979492714517,0.7786197819474561,0.6053932622970828,638.1183966157656,0.9549227484268413,0.9207507820646507,0.14700485698866703,0.08861971837014722,0.5999958728422703,0.0,0.0,0.06673452961030145
mirsad,0.2,0.1,1,0.3065930664465539,0.641446303291959,0.778714140745432,0.5977815045005627,638.1957284358234,0.9628600819517112,0.9254431699687174,0.14441446303291958,0.08267146312349276,0.5999958728422703,0.0,0.0,0.06645796380275501
mirsad,0.2,0.1,2,0.3060771770532398,0.6403669724770642,0.7730714972160377,0.6064346952289268,633.571295914156,0.9426677147828455,0.8899895724713243,0.14279546681057745,0.08350180795611478,0.5999958728422703,0.0,1.0,0.06717414485241116
mirsad,0.2,0.1,3,0.3075216673545192,0.6433890987587696,0.7696196899806756,0.6039975300131112,630.7423648369789,0.9381832458146163,0.9045881126173096,0.1434430652995143,0.08303851192335775,0.5999958728422703,0.0,0.0,0.06668219327701158
mirsad,0.2,0.1,4,0.30308501857201814,0.6341068537506745,0.7386705078272165,0.5998899537975674,605.3779405695419,0.879915759503824,0.8889468196037539,0.1567188343227199,0.11327311030455356,0.5999958728422703,0.0,2.0,0.06727943795002402
mirsad,0.2,0.1,5,0.3071089558398679,0.6425256341068537,0.7330342220287066,0.6091560237504116,600.758718530747,0.8591124569471545,0.8879040667361835,0.14700485698866703,0.08677591346586915,0.5999958728422703,0.0,0.0,0.06785213728428971
mirsad,0.2,0.1,6,0.305096987205943,0.6383162439287642,0.7441064306811251,0.6113791617070166,609.8329550144449,0.8791908929220785,0.8618352450469239,0.1475445223961144,0.09878812207170627,0.5999958728422703,0.0,0.0,0.06711666692023459
mirsad,0.2,0.1,7,0.3054581097812629,0.6390717754991905,0.7431163872024291,0.5993639334491285,609.0215641766405,0.8894218379298918,0.9009384775808134,0.1457096600107933,0.08417188761218798,0.5999958728422703,0.0,0.0,0.06726973114678875
mirsad,0.2,0.1,8,0.3054065208419315,0.638963842417701,0.7687977801573457,0.6051557731575623,630.0687680561288,0.9353460161487623,0.8905109489051095,0.15250944414463033,0.09335106615684799,0.5999958728422703,0.0,0.0,0.06736963040777467
mirsad,0.2,0.1,9,0.3067478332645481,0.6417701025364274,0.7739496194520379,0.6006972671152545,634.2909616178291,0.950278877397969,0.9155370177267987,0.14063680518078792,0.08074519656121038,0.5999958728422703,0.0,0.0,0.06704183960715678
mirsad,0.2,0.2,0,0.2985451919108543,0.6246087425796006,0.7410631548659523,0.5843130124330495,607.3388361535286,0.9005971290101208,0.894681960375391,0.14646519158121965,0.0837854508805174,0.5999958728422703,0.0,2.0,0.0663004923134607
mirsad,0.2,0.2,1,0.29906108130416836,0.6256880733944954,0.7376132990133368,0.5894635191472655,604.511504333471,0.8883941709397215,0.8884254431699687,0.14430652995143012,0.10173250684510446,0.5999958728422703,0.0,0.0,0.06653845423367734
mirsad,0.2,0.2,2,0.29813248039620305,0.6237452779276849,0.7311129912928672,0.5878108293550055,599.1841725134132,0.8769601531682334,0.8722627737226277,0.1434430652995143,0.09500835663924302,0.5999958728422703,0.0,3.0,0.06663288044599693
mirsad,0.2,0.2,3,0.29906108130416836,0.6256880733944954,0.7540382134876932,0.5880076345956906,617.9725546842757,0.9230174416337606,0.8816475495307612,0.1448461953588775,0.0943499223318193,0.5999958728422703,0.0,0.0,0.06673105460166733
mirsad,0.2,0.2,4,0.2968943458522493,0.6211548839719374,0.7315078630338299,0.5809939051526033,599.5077899298391,0.8846949000104533,0.8941605839416058,0.14624932541824068,0.08724928115151222,0.5999958728422703,0.0,3.0,0.06651925858045571
mirsad,0.2,0.2,5,0.2956046223689641,0.6184565569347005,0.7437522861865203,0.5743853923338057,609.5427156417664,0.91612708116537,0.9019812304483837,0.14916351861845656,0.09015583427875729,0.5999958728422703,0.0,0.0,0.06669964136114691
mirsad,0.2,0.2,6,0.29462443252166737,0.6164058283864005,0.7257597189404545,0.5894328190272854,594.7968943458523,0.8645077403989472,0.8477580813347236,0.14419859686994063,0.08568578293661827,0.5999958728422703,0.0,3.0,0.06666860525118787
mirsad,0.2,0.2,7,0.29756500206355757,0.6225580140313006,0.7237457031024027,0.5727904836616707,593.1463062319439,0.8773818383007715,0.9118873826903025,0.14819212088505127,0.10988141824735488,0.5999958728422703,0.0,0.0,0.06670453873872248
mirsad,0.2,0.2,8,0.2936442426743706,0.6143550998381003,0.7242010047606815,0.5722549787233193,593.5194490301279,0.8788455429596175,0.8806047966631908,0.14495412844036698,0.08326946751360036,0.5999958728422703,0.0,0.0,0.0664374714076085
mirsad,0.2,0.2,9,0.2997833264548081,0.6271991365353481,0.7530134228065404,0.5893831497274803,617.1326867519604,0.9195497164866059,0.8858185610010427,0.13944954128440368,0.07963624463062874,0.5999958728422703,0.0,0.0,0.06643104424384068
model_p,0.02,0.0,0,0.47471620227038186,0.0992984349703184,0.16422824606382494,0.04812767955264684,1346.2115583075336,0.28239072099647755,0.3102189781021898,0.8243928764166217,0.7296688421646726,0.9600078415996863,10.0,18.0,0.13251711268364452
model_p,0.02,0.0,1,0.34262125902992774,0.07166756610901241,0.11638644705511479,0.04408998978909018,954.0428276573788,0.18996686596369722,0.19499478623566216,0.8752293577981651,0.808920538498547,0.9600078415996863,11.0,18.0,0.16017874549882588
model_p,0.02,0.0,2,0.43962848297213625,0.091958985429034,0.17372751432676886,0.03772271002688382,1424.078947368421,0.3121477198583087,0.310740354535975,0.8378845116028063,0.7300727154454022,0.9600078415996863,7.0,14.0,0.1564108112960683
model_p,0.02,0.0,3,0.19298245614035087,0.04036697247706422,0.02661365032517905,0.049550492836763466,218.15737874097007,0.003269456926705408,0.010948905109489052,0.922072315164598,0.947559736074854,0.9600078415996863,2.0,,0.18837580021472378
model_p,0.02,0.0,4,0.3286893704850361,0.06875337290879655,0.09733868532574652,0.04233621423592019,797.9045407636739,0.1533179824703458,0.18039624608967675,0.8788990825688073,0.8261956263721447,0.9600078415996863,9.0,21.0,0.16048936214320242
model_p,0.02,0.0,5,0.42053663570691435,0.08796546141392336,0.16241868477935936,0.042631234901094446,1331.3782249742003,0.2843335209324119,0.26955161626694474,0.8463032919589855,0.7602019391582779,0.9600078415996863,7.0,15.0,0.13223720900602595
model_p,0.02,0.0,6,0.5810113519091847,0.12153264975715057,0.24655192242359722,0.031620499593285806,2021.0350877192982,0.465300457642681,0.4770594369134515,0.7915812196438208,0.5954863509904306,0.9600078415996863,0.0,7.0,0.13475249289440974
model_p,0.02,0.0,7,0.3498452012383901,0.07317862924986508,0.11036215082917085,0.0423188674201591,904.6604747162023,0.1796138608919174,0.20020855057351408,0.8697247706422019,0.8217901595041373,0.9600078415996863,6.0,20.0,0.1690413260907772
model_p,0.02,0.0,8,0.4674922600619195,0.09778737182946573,0.1931049967924933,0.028355055124186977,1582.9200206398348,0.36078084401295385,0.3686131386861314,0.8265515380464112,0.7025736409358806,0.9600078415996863,7.0,11.0,0.15374941775752973
model_p,0.02,0.0,9,0.35036119711042313,0.07328656233135455,0.12071977570932606,0.04921953056771011,989.5639834881321,0.19348984202430203,0.17466110531803963,0.8749055585536967,0.8263898833771839,0.9600078415996863,12.0,21.0,0.1480724628435173
model_p,0.05,0.0,0,0.24752475247524752,0.12951969778737182,0.13964101229931367,0.13291404790067338,457.58271452145215,0.14648744540479422,0.15589155370177268,0.7744198596869941,0.768985742379331,0.8999576966332711,9.0,23.0,0.10853017045154223
model_p,0.05,0.0,1,0.4746287128712871,0.24835402050728547,0.42392361255585126,0.11373470953069001,1389.1342821782177,0.7396213699356028,0.8008342022940563,0.6318402590393956,0.4790737805856427,0.8999576966332711,1.0,7.0,0.10619250289441458
model_p,0.05,0.0,2,0.42244224422442245,0.22104695089044793,0.36387704752768935,0.11148973205783902,1192.3706683168316,0.6207466798964026,0.6725755995828988,0.6746896923907177,0.5580254675591746,0.8999576966332711,0.0,8.0,0.10928040792826446
model_p,0.05,0.0,3,0.31662541254125415,0.16567728008634647,0.20669209717055168,0.14572286178032243,677.2990924092409,0.2687441264151061,0.2711157455683003,0.7257420399352401,0.7071026743952334,0.8999576966332711,12.0,18.0,0.11248930486711566
model_p,0.05,0.0,4,0.4443069306930693,0.23248785752833243,0.36069150961550145,0.11872872051134918,1181.9321369636964,0.6069514794098898,0.7064650677789364,0.6626011872638964,0.5499809236599555,0.8999576966332711,2.0,10.0,0.09715159125581385
model_p,0.05,0.0,5,0.4306930693069307,0.225364274150027,0.3745209591411297,0.10948848358629316,1227.2491749174917,0.6442603255383821,0.6965589155370178,0.6679978413383703,0.5432696777593543,0.8999576966332711,0.0,8.0,0.11873592940685121
model_p,0.05,0.0,6,0.28135313531353134,0.14722072315164597,0.16264114241247937,0.14750059840274515,532.950701320132,0.1780505775752673,0.1772679874869656,0.7461413923367513,0.7201804009285813,0.8999576966332711,2.0,18.0,0.1249373534989588
model_p,0.05,0.0,7,0.3795379537953795,0.1985968699406368,0.31650760903933367,0.11221205845802033,1037.148102310231,0.5244313823664233,0.5578727841501564,0.6975715056664867,0.5976348233945109,0.8999576966332711,2.0,14.0,0.10441520912936887
model_p,0.05,0.0,8,0.39624587458745875,0.20733944954128442,0.31102869281716783,0.1185017143396267,1019.1945132013201,0.5069748880152893,0.578206465067779,0.6972477064220184,0.6171753407413277,0.8999576966332711,2.0,13.0,0.1072870920897414
model_p,0.05,0.0,9,0.366542904290429,0.19179708580679977,0.28033747087325195,0.11611596558491591,918.6239686468647,0.4474754968549529,0.5067778936392076,0.7027522935779816,0.6215189298919167,0.8999576966332711,6.0,15.0,0.0950010250602173
model_p,0.1,0.0,0,0.3008356545961003,0.31473286562331354,0.431251117717416,0.2381880040404353,706.7913958526772,0.6277429697023043,0.6553701772679875,0.517107393416082,0.4395652042269972,0.799977300632487,0.0,8.0,0.08534809582556174
model_p,0.1,0.0,1,0.3649025069637883,0.38175930922827844,0.503109339563322,0.297395057380521,824.5621582585371,0.7124770407051897,0.7778936392075079,0.4198596869940637,0.33223978263862325,0.799977300632487,1.0,7.0,0.08596585314627977
model_p,0.1,0.0,2,0.35603012483235325,0.3724770642201835,0.5027076694566613,0.27982847368737646,823.9038481378315,0.7295451274854496,0.794577685088634,0.44220183486238535,0.3428220683259673,0.799977300632487,1.0,7.0,0.08539595509261243
model_p,0.1,0.0,3,0.36469617249561537,0.3815434430652995,0.49008253782487926,0.31077818813882147,803.2121118332817,0.6725712746309525,0.7231491136600625,0.4175930922827847,0.36360183961257875,0.799977300632487,0.0,7.0,0.09012027085104839
model_p,0.1,0.0,4,0.32023109460435367,0.33502428494333514,0.445057591284898,0.2583779504250469,729.4192716393273,0.6350526020449443,0.691866527632951,0.48537506745817594,0.4219476172074441,0.799977300632487,2.0,8.0,0.08280622691805356
model_p,0.1,0.0,5,0.36552151036830705,0.3824069077172153,0.5020997822571593,0.29936610492102955,822.9075621582585,0.7084339439765899,0.7659019812304484,0.41845655693470046,0.3400337312244719,0.799977300632487,0.0,7.0,0.08411150490812959
model_p,0.1,0.0,6,0.26957598266790467,0.2820291419320022,0.3223630162359451,0.28048078883833494,528.3311668214175,0.364989058413933,0.3727841501564129,0.5368591473286562,0.5298678328465682,0.799977300632487,0.0,18.0,0.09679047821880796
model_p,0.1,0.0,7,0.2595687609615186,0.27155963302752295,0.24281993439451205,0.3150985436412189,397.965438976581,0.1692576804802841,0.18143899895724713,0.544954128440367,0.5856688814441189,0.799977300632487,2.0,22.0,0.10513053365143912
model_p,0.1,0.0,8,0.3421025482306819,0.35790609821910413,0.4230750758002038,0.3203634894205639,693.3914164861241,0.5276107866548849,0.5792492179353493,0.44630329195898544,0.41180011218562357,0.799977300632487,5.0,13.0,0.09315030553188214
model_p,0.1,0.0,9,0.32765913545857833,0.34279546681057743,0.44987668834736827,0.27069581197948633,737.317445579284,0.6322397589891648,0.6819603753910324,0.47555315704263357,0.4090307853289506,0.799977300632487,1.0,10.0,0.08842480011649846
model_p,0.2,0.0,0,0.30107304993809325,0.629897463572585,0.6886400756985431,0.6066070402114165,564.3754643004539,0.7721299913008389,0.843065693430657,0.17830545062061523,0.13086419628745027,0.5999958728422703,0.0,7.0,0.07096336277936896
model_p,0.2,0.0,1,0.30927569129178706,0.6470588235294118,0.7086160661370194,0.6286262644767914,580.7468014857615,0.7900264607420667,0.856621480709072,0.14905558553696707,0.09131143055176733,0.5999958728422703,0.0,0.0,0.06850080135240343
model_p,0.2,0.0,2,0.30927569129178706,0.6470588235294118,0.710006709609257,0.6305057108463025,581.886504333471,0.7909196203360449,0.8310740354535975,0.1530491095520777,0.10154416693613584,0.5999958728422703,0.0,7.0,0.06809738402090133
model_p,0.2,0.0,3,0.3120099050763516,0.652779276848354,0.7184448662928279,0.6364381970393603,588.802001650846,0.8019079474057029,0.8493222106360793,0.1458175930922828,0.10147076976572894,0.5999958728422703,0.0,7.0,0.06867207876806142
model_p,0.2,0.0,4,0.3126805612876599,0.6541824069077172,0.7431095258889004,0.6218749836203629,609.0159409822534,0.8664971543239302,0.8852971845672576,0.14560172692930384,0.08531728633665092,0.5999958728422703,0.0,0.0,0.06779707421613294
model_p,0.2,0.0,5,0.3139186958316137,0.6567728008634647,0.7471449854090076,0.627375172188986,612.3232047049113,0.8690418716824843,0.8931178310740354,0.15283324338909876,0.09108097854416901,0.5999958728422703,0.0,2.0,0.06882147978507505
model_p,0.2,0.0,6,0.3131448617416426,0.6551538046411225,0.7323881884438987,0.6328310577389387,600.2292612463888,0.8337134215137912,0.867570385818561,0.14624932541824068,0.0981247778335006,0.5999958728422703,0.0,0.0,0.06823259371698268
model_p,0.2,0.0,7,0.31092653735039205,0.650512682137075,0.7216360065619336,0.626928023693504,591.4173029302517,0.8180259725018109,0.8639207507820647,0.15283324338909876,0.10008352547634039,0.5999958728422703,0.0,5.0,0.06933736555368976
model_p,0.2,0.0,8,0.3153115971935617,0.6596869940636805,0.7567979093262939,0.6296044252101398,620.234265373504,0.8862503084842668,0.9004171011470281,0.14549379384781436,0.08614297302981316,0.5999958728422703,0.0,0.0,0.06832302340013519
model_p,0.2,0.0,9,0.3097399917457697,0.6480302212628171,0.7061552465978114,0.6245392798051366,578.7300350804787,0.7892206865008555,0.8587069864442127,0.15876956287101998,0.09967102834282723,0.5999958728422703,0.0,0.0,0.06932133727527418
random,0.02,0.0,0,0.0933952528379773,0.019535887749595252,0.015159096550074904,0.019381759486274675,124.26212590299278,0.010861440489114109,0.020855057351407715,0.9596330275229358,0.9512909057821423,0.9600078415996863,2.0,,
random,0.02,0.0,1,0.0846233230134159,0.01770102536427415,0.037222814736162665,0.016488709968478715,305.12280701754383,0.058325150482530994,0.022419186652763295,0.9601726929303832,0.9392961966731945,0.9600078415996863,3.0,,
random,0.02,0.0,2,0.09081527347781218,0.01899622234214787,0.016484966704689255,0.019075007880945433,135.13054695562437,0.01384892723683323,0.018769551616266946,0.9621154883971937,0.9628881622890751,0.9600078415996863,4.0,,
random,0.02,0.0,3,0.10165118679050568,0.021262817053426874,0.02552188315233419,0.02196493746784911,209.2079463364293,0.029141999039015147,0.01824817518248175,0.9593092282784673,0.9598884463726344,0.9600078415996863,4.0,,
random,0.02,0.0,4,0.1001031991744066,0.020939017808958446,0.018769280527069738,0.019280673725364714,153.85552115583076,0.018248805151366544,0.023983315954118872,0.9586616297895305,0.965259847700242,0.9600078415996863,3.0,,
random,0.02,0.0,5,0.09442724458204334,0.019751753912574204,0.02124445217164035,0.01937639320513995,174.14499484004128,0.023145687259761724,0.02137643378519291,0.9572584997301673,0.9488860468642821,0.9600078415996863,3.0,,
random,0.02,0.0,6,0.08978328173374613,0.018780356179168914,0.018568351051993587,0.019521532390248942,152.20846233230134,0.017598241522191877,0.01564129301355579,0.961036157582299,0.9670510911660211,0.9600078415996863,6.0,,
random,0.02,0.0,7,0.1042311661506708,0.021802482460874257,0.02075150771070008,0.022684268734373826,170.10423116615067,0.018784421477846352,0.020855057351407715,0.9566109012412304,0.9486888313112077,0.9600078415996863,5.0,,
random,0.02,0.0,8,0.09081527347781218,0.01899622234214787,0.016267733741503854,0.021046305015925377,133.3498452012384,0.01140429659045978,0.014598540145985401,0.9599568267674042,0.9600297013043608,0.9600078415996863,6.0,,
random,0.02,0.0,9,0.09442724458204334,0.019751753912574204,0.018417779841347546,0.01940035427439268,150.97420020639834,0.017417755204921826,0.020333680917622523,0.9588774959525095,0.9530426809581742,0.9600078415996863,1.0,,
random,0.05,0.0,0,0.0950907590759076,0.04975715056664868,0.05521273817334586,0.04708861776828099,180.92388613861385,0.06348114032296763,0.056308654848800835,0.9007015650296816,0.8924335511684974,0.8999576966332711,2.0,,
random,0.05,0.0,1,0.09797854785478548,0.05126821370750135,0.07199821782102182,0.051919768356363,235.92739273927393,0.09243325403874651,0.0516162669447341,0.90102536427415,0.8874664008086026,0.8999576966332711,1.0,,
random,0.05,0.0,2,0.08972772277227722,0.04695089044792229,0.04443059312404481,0.047582066038204425,145.5924092409241,0.041223151072636154,0.04640250260688217,0.905342687533729,0.9098288064505915,0.8999576966332711,1.0,,
random,0.05,0.0,3,0.09756600660066006,0.0510523475445224,0.04916269628471203,0.051392999224509975,161.09880363036302,0.04689278388776672,0.04953076120959333,0.9003777657852131,0.9126916737834435,0.8999576966332711,1.0,,
random,0.05,0.0,4,0.09426567656765676,0.04932541824069077,0.050994918788171174,0.04654562499578809,167.10272277227722,0.05552323059584744,0.053701772679874867,0.8997301672962763,0.9009103578200184,0.8999576966332711,1.0,,
random,0.05,0.0,5,0.10004125412541254,0.052347544522396115,0.060521443461737885,0.053323238068947475,198.3197194719472,0.06784748664864852,0.051094890510948905,0.8914193200215866,0.8847436553465275,0.8999576966332711,0.0,,
random,0.05,0.0,6,0.09488448844884488,0.0496492174851592,0.044710585074276235,0.048838524607144544,146.509900990099,0.040509334673580775,0.045881126173096975,0.9043712898003238,0.9163842564706121,0.8999576966332711,1.0,,
random,0.05,0.0,7,0.10086633663366337,0.05277927684835402,0.057392055014389556,0.05479010477726314,188.0651815181518,0.06004021504417596,0.0516162669447341,0.8962763086886131,0.9021241178884453,0.8999576966332711,1.0,,
random,0.05,0.0,8,0.09385313531353136,0.04910955207771182,0.048022459282353186,0.05219881497536877,157.36241749174917,0.043771932866202734,0.043274244004171014,0.9004856988667026,0.9064757014135124,0.8999576966332711,1.0,,
random,0.05,0.0,9,0.09942244224422442,0.052023745277927684,0.05509382972146026,0.051786859300351755,180.53424092409242,0.058459530865128964,0.05265901981230448,0.8997301672962763,0.8868461128864847,0.8999576966332711,0.0,18.0,
random,0.1,0.0,0,0.09501702259362427,0.09940636805180787,0.10765136545489785,0.09589407110796733,176.4333023831631,0.11961746553771904,0.11209593326381648,0.7998920669185106,0.8034553449034384,0.799977300632487,0.0,18.0,
random,0.1,0.0,1,0.09439801918910554,0.09875876956287102,0.11240002389499647,0.10007852242069697,184.21603218817702,0.12494035124085295,0.09697601668404589,0.8078791149487318,0.8059782310035565,0.799977300632487,1.0,,
random,0.1,0.0,2,0.09037449705973383,0.09454937938478143,0.09015709323536804,0.09700651366691967,147.76137418755803,0.08318602931753183,0.09124087591240876,0.8007555315704263,0.8039960038199262,0.799977300632487,0.0,,
random,0.1,0.0,3,0.09512018982771071,0.09951430113329736,0.08717997559009028,0.09940499173967098,142.8820798514392,0.07473784711703908,0.102711157455683,0.7994603345925526,0.7929394691773115,0.799977300632487,0.0,,
random,0.1,0.0,4,0.0958423604663159,0.1002698327037237,0.09908964217998158,0.09612644356082455,162.40121737336221,0.10210546624594684,0.1105318039624609,0.7985968699406368,0.7861930354394397,0.799977300632487,0.0,,
random,0.1,0.0,5,0.10378623749097286,0.10858067997841338,0.11525634465347251,0.11119209065071525,188.89734860208398,0.11939277848968897,0.10218978102189781,0.7887749595250945,0.781952491887441,0.799977300632487,0.0,,
random,0.1,0.0,6,0.09130300216651191,0.09552077711818673,0.08335092200631605,0.09468066758534072,136.60652016919425,0.07181996381890757,0.09124087591240876,0.8077711818672423,0.8097739222371457,0.799977300632487,1.0,,
random,0.1,0.0,7,0.09914371195708244,0.10372369131138694,0.09787588211155476,0.10588883212001302,160.4119467657072,0.08972062470874195,0.0954118873826903,0.7964382083108473,0.7869503607886381,0.799977300632487,0.0,8.0,
random,0.1,0.0,8,0.09491385535953781,0.0992984349703184,0.09344995719862263,0.09874805909099191,153.15815536985454,0.08805776273428768,0.10062565172054223,0.7996762007555316,0.8060076905882481,0.799977300632487,0.0,,
random,0.1,0.0,9,0.0958423604663159,0.1002698327037237,0.11315388711351528,0.09902024186203466,185.4515629835964,0.12753854132253922,0.102711157455683,0.7975175391257421,0.7988878503196271,0.799977300632487,0.0,18.0,
random,0.2,0.0,0,0.09559430458109781,0.2,0.19648926100568853,0.19245518344070472,161.03291374329345,0.20059498248037988,0.22314911366006257,0.6057204533189423,0.6220271077278471,0.5999958728422703,0.0,18.0,
random,0.2,0.0,1,0.09167354519191086,0.19179708580679977,0.19378810664948778,0.19370427897273904,158.81918076764342,0.19387342307859867,0.18665276329509906,0.6073394495412844,0.6080546407312373,0.5999958728422703,0.0,14.0,
random,0.2,0.0,2,0.09523318200577796,0.19924446842957366,0.19577367006813662,0.19682383547331472,160.446450680974,0.1947048540658258,0.2064650677789364,0.6031300593631949,0.6017601094687952,0.5999958728422703,0.0,26.0,
random,0.2,0.0,3,0.09569748245976063,0.20021586616297896,0.20703585527311774,0.2010609512195061,169.67638258357408,0.21311687168565965,0.2059436913451512,0.5964382083108473,0.5859087126784673,0.5999958728422703,0.0,,
random,0.2,0.0,4,0.09616178291374329,0.20118726389638425,0.2136202612951856,0.19676018888311217,175.07263722657862,0.23077976312726775,0.21532846715328466,0.597301672962763,0.5913425582539682,0.5999958728422703,0.0,1.0,
random,0.2,0.0,5,0.10095955427156418,0.21122504047490556,0.21801999991061408,0.20884792433493682,178.67844614114733,0.2273549685749316,0.21428571428571427,0.595250944414463,0.6007228551171959,0.5999958728422703,0.0,15.0,
random,0.2,0.0,6,0.09193148988856789,0.19233675121424718,0.1903587717896276,0.1907679248141582,156.0086669418077,0.1899423523400286,0.1903023983315954,0.6084187803561791,0.62772111668696,0.5999958728422703,1.0,,
random,0.2,0.0,7,0.09709038382170862,0.2031300593631948,0.21271828183141173,0.20621657462038553,174.3334193148989,0.2193354572546545,0.19395203336809178,0.5998920669185105,0.5850232884941249,0.5999958728422703,0.0,8.0,
random,0.2,0.0,8,0.09585224927775485,0.2005396654074474,0.1940951661668504,0.19767420383731532,159.070831613702,0.1904525659476808,0.20385818561001043,0.6062601187263896,0.6069297000516991,0.5999958728422703,0.0,11.0,
random,0.2,0.0,9,0.09657449442839455,0.20205072854830006,0.20087766901162024,0.20398432646557504,164.6294366487825,0.19771583832846046,0.20125130344108447,0.5915812196438208,0.5978520563576962,0.5999958728422703,0.0,18.0,
rules,0.02,0.0,0,0.43137254901960786,0.09023205612520238,0.16573169204838598,0.044860737516719706,1358.5356037151703,0.28874927554621244,0.27580813347236705,0.8684295736643282,0.8086890163778295,0.9600078415996863,2.0,8.0,
rules,0.02,0.0,1,0.4484004127966976,0.0937938478143551,0.1691891645884965,0.04629266099904181,1386.877192982456,0.2942682702386954,0.28779979144942647,0.864759848893686,0.8051912572261749,0.9600078415996863,2.0,8.0,
rules,0.02,0.0,2,0.4540763673890609,0.09498111171073934,0.16984080053022216,0.04758456198291825,1392.218782249742,0.2942682702386954,0.28779979144942647,0.8648677819751754,0.8051677147375538,0.9600078415996863,2.0,8.0,
rules,0.02,0.0,3,0.4370485036119711,0.09141932002158662,0.15773668809180008,0.0480319600728716,1292.998968008256,0.26938973651410936,0.26955161626694474,0.866810577441986,0.8165022269998227,0.9600078415996863,2.0,14.0,
rules,0.02,0.0,4,0.43550051599587203,0.09109552077711819,0.15772107702982677,0.04800101035842016,1292.8710010319917,0.26938973651410936,0.26955161626694474,0.8678899082568807,0.8173107918830786,0.9600078415996863,2.0,14.0,
rules,0.02,0.0,5,0.45098039215686275,0.09433351322180249,0.16933142668551157,0.04657470275170417,1388.0433436532508,0.2942682702386954,0.28779979144942647,0.8660550458715597,0.806156373363978,0.9600078415996863,2.0,8.0,
rules,0.02,0.0,6,0.4308565531475748,0.0901241230437129,0.1573350179851394,0.04723562891192535,1289.7063983488133,0.26938973651410936,0.26955161626694474,0.8684295736643282,0.8169753428941436,0.9600078415996863,2.0,14.0,
rules,0.02,0.0,7,0.43034055727554177,0.09001618996222342,0.15718155117428864,0.04693137325130994,1288.4484004127967,0.26938973651410936,0.26955161626694474,0.8691851052347545,0.8178070096312069,0.9600078415996863,2.0,14.0,
rules,0.02,0.0,8,0.4520123839009288,0.09454937938478143,0.1694257854834875,0.04676177380800544,1388.8168214654283,0.2942682702386954,0.28779979144942647,0.8655153804641122,0.8059527371321887,0.9600078415996863,2.0,8.0,
rules,0.02,0.0,9,0.4535603715170279,0.09487317862924986,0.16937530132339632,0.04666168642498101,1388.4029927760578,0.2942682702386954,0.28779979144942647,0.8648677819751754,0.8059137094772554,0.9600078415996863,2.0,8.0,
rules,0.05,0.0,0,0.4203795379537954,0.21996762007555315,0.38159572876308584,0.10660092514686763,1250.4321369636964,0.6614743509383065,0.6762252346193952,0.6710199676200755,0.545752591987081,0.8999576966332711,0.0,2.0,
rules,0.05,0.0,1,0.42718646864686466,0.2235294117647059,0.3893535452942059,0.1065452655797493,1275.8533415841584,0.6771844083700435,0.694473409801877,0.6699406368051808,0.5401654054963906,0.8999576966332711,0.0,2.0,
rules,0.05,0.0,2,0.4321369636963696,0.22611980572045332,0.39231675146893485,0.10773121371052383,1285.5633250825083,0.681956436115401,0.7033368091762252,0.666594711279007,0.5357443905142404,0.8999576966332711,0.0,2.0,
rules,0.05,0.0,3,0.4265676567656766,0.22320561252023746,0.38879847132452494,0.10512944094083139,1274.0344471947194,0.6775053717224301,0.6949947862356621,0.6682137075013491,0.5389022943288222,0.8999576966332711,0.0,2.0,
rules,0.05,0.0,4,0.4275990099009901,0.22374527792768484,0.38956737907454225,0.10665383917480074,1276.5540429042903,0.6775053717224301,0.6949947862356621,0.6698327037236913,0.5400637447500722,0.8999576966332711,0.0,2.0,
rules,0.05,0.0,5,0.4278052805280528,0.22385321100917432,0.393724202011926,0.10273870029669295,1290.1753300330033,0.6898775119002212,0.7095933263816475,0.6679978413383703,0.5341766118468698,0.8999576966332711,0.0,2.0,
rules,0.05,0.0,6,0.42636138613861385,0.22309767943874798,0.3887785798100751,0.10791429125528298,1273.9692656765676,0.6746309270734937,0.6897810218978102,0.6694009713977334,0.5402502591719552,0.8999576966332711,0.0,2.0,
rules,0.05,0.0,7,0.43028052805280526,0.22514840798704802,0.4024312088797231,0.10683354719419623,1318.7068894389438,0.7032785892041239,0.7033368091762252,0.668861305990286,0.5270514210126531,0.8999576966332711,0.0,2.0,
rules,0.05,0.0,8,0.41872937293729373,0.21910415542363734,0.3802355520408285,0.10643519441786957,1245.9750412541255,0.6588985152491886,0.6725755995828988,0.6717754991905018,0.5474157995655466,0.8999576966332711,0.0,2.0,
rules,0.05,0.0,9,0.42883663366336633,0.2243928764166217,0.3898753198615324,0.10757970986639458,1277.5631188118812,0.6771844083700435,0.694473409801877,0.6679978413383703,0.5383409885239181,0.8999576966332711,0.0,2.0,
rules,0.1,0.0,0,0.36025998142989785,0.376902320561252,0.5911455944922159,0.2337716794637912,968.8476219952543,0.9548663543910442,0.9661105318039624,0.4263356718834323,0.26596566283971135,0.799977300632487,0.0,2.0,
rules,0.1,0.0,1,0.36025998142989785,0.376902320561252,0.5908771219949729,0.23323941925356775,968.4076137418756,0.9548663543910442,0.9661105318039624,0.42558014031300595,0.2654520714903547,0.799977300632487,0.0,2.0,
rules,0.1,0.0,2,0.3610853193025895,0.37776578521316784,0.5918523727334926,0.23517290282613323,970.005983699577,0.9548663543910442,0.9661105318039624,0.4262277388019428,0.2649049918951521,0.799977300632487,0.0,2.0,
rules,0.1,0.0,3,0.3607758176003301,0.37744198596869943,0.5911026640717892,0.23368656774904972,968.7772619416073,0.9548663543910442,0.9661105318039624,0.42752293577981654,0.2660809832652563,0.799977300632487,0.0,2.0,
rules,0.1,0.0,4,0.35984731249355206,0.3764705882352941,0.5908153072253849,0.2331168683681189,968.3063035180027,0.9548663543910442,0.9661105318039624,0.42741500269832705,0.26560346102279775,0.799977300632487,0.0,2.0,
rules,0.1,0.0,5,0.35964097802537914,0.37625472207231514,0.5906445927089669,0.23280188014523404,968.0265139791602,0.9548424758353462,0.9655891553701773,0.4269832703723691,0.26643374290758925,0.799977300632487,0.0,2.0,
rules,0.1,0.0,6,0.36046631589807077,0.377118186724231,0.5911809082251476,0.2350458592401995,968.9054988135769,0.9536408002212069,0.9624608967674662,0.4242849433351322,0.2644501938195176,0.799977300632487,0.0,2.0,
rules,0.1,0.0,7,0.36056948313215725,0.37722611980572046,0.5915230926319501,0.234520088486232,969.4663158980708,0.9548663543910442,0.9661105318039624,0.42590393955747435,0.26571985156146183,0.799977300632487,0.0,2.0,
rules,0.1,0.0,8,0.36025998142989785,0.376902320561252,0.5912038841832937,0.23388724170404135,968.9431548540184,0.9548663543910442,0.9661105318039624,0.4262277388019428,0.26622135692735527,0.799977300632487,0.0,2.0,
rules,0.1,0.0,9,0.36056948313215725,0.37722611980572046,0.5911030417587725,0.23368731653246388,968.7778809450118,0.9548663543910442,0.9661105318039624,0.4250404749055586,0.26439989850291806,0.799977300632487,0.0,2.0,
rules,0.2,0.0,0,0.28146925299215847,0.5888828926065839,0.7479422196827669,0.5002827905360765,612.9765786215436,1.0,1.0,0.23712898003237992,0.14261019851794368,0.5999958728422703,0.0,0.0,
rules,0.2,0.0,1,0.2816756087494841,0.5893146249325418,0.7478785164782628,0.5001564957335569,612.9243706149401,1.0,1.0,0.2358337830545062,0.14180811726123305,0.5999958728422703,0.0,0.0,
rules,0.2,0.0,2,0.2826042096574494,0.5912574203993524,0.7493019557702104,0.5029785356242445,614.0909513000413,1.0,1.0,0.2390717754991905,0.1432672479730956,0.5999958728422703,0.0,0.0,
rules,0.2,0.0,3,0.28198514238547256,0.5899622234214786,0.7481659362724976,0.5007263199117234,613.1599257119274,1.0,1.0,0.23982730706961683,0.14393694994218556,0.5999958728422703,0.0,0.0,
rules,0.2,0.0,4,0.2817787866281469,0.5895304910955208,0.7482450616954834,0.5008831900369874,613.224773008667,1.0,1.0,0.23777657852131678,0.14222747570827482,0.5999958728422703,0.0,0.0,
rules,0.2,0.0,5,0.28203673132480395,0.5900701565029681,0.7485467706472504,0.5014813431876558,613.4720387948823,1.0,1.0,0.2368051807879115,0.14232957708940688,0.5999958728422703,0.0,0.0,
rules,0.2,0.0,6,0.2818303755674783,0.5896384241770103,0.7486882144224685,0.5017617625762543,613.5879591415601,1.0,1.0,0.24036697247706423,0.14325207754593602,0.5999958728422703,0.0,0.0,
rules,0.2,0.0,7,0.28270738753611224,0.5914732865623313,0.749513712272139,0.5033983535251101,614.2644964919522,1.0,1.0,0.23745277927684835,0.14257771743738626,0.5999958728422703,0.0,0.0,
rules,0.2,0.0,8,0.28203673132480395,0.5900701565029681,0.74857364937089,0.501534631607296,613.4940672719769,1.0,1.0,0.23831624392876416,0.1421277663447032,0.5999958728422703,0.0,0.0,
rules,0.2,0.0,9,0.28188196450680975,0.5897463572584998,0.7480299060107057,0.5004566330853945,613.0484420140322,1.0,1.0,0.23993524015110632,0.14411679189403162,0.5999958728422703,0.0,0.0,
